ID,FName,LName,carerPhoneNum
7951,Carolyn,Fleming,415-6372
8655,Rajah,Ferrell,020-480-9525
6262,Leah,Terrell,622-9601
3714,Vernon,Montgomery,175-0471
8655,Reuben,Wheeler,549-5404
3886,Jason,Booker,698-0877
4302,Alma,Lowery,020-454-6762
5235,Constance,Carpenter,020-415-5452
5211,Lacy,Davis,020-464-0042
5531,Stephen,Ortiz,263-2673
8517,Ivan,Hull,020-682-2498
5244,Caleb,Harrington,873-4966
3710,Lawrence,Harvey,020-856-8465
9676,Plato,Witt,020-560-6921
3357,Xena,O'connor,527-2437
1367,Jeanette,Moreno,218-2299
8677,Regina,Villarreal,020-850-3131
6959,Madeson,Ingram,020-059-9169
5208,Abel,Simon,020-775-2451
7283,Richard,Montoya,020-331-8346
